date,total_confirmed,total_deaths,total_recovered,people_fully_vaccinated,total_boosters,daily_vaccinations,daily_new_cases,daily_new_deaths
2020-01-22,0,0,0,,,,0.0,0.0
2020-01-23,0,0,0,,,,0.0,0.0
2020-01-24,0,0,0,,,,0.0,0.0
2020-01-25,0,0,0,,,,0.0,0.0
2020-01-26,0,0,0,,,,0.0,0.0
2020-01-27,0,0,0,,,,0.0,0.0
2020-01-28,0,0,0,,,,0.0,0.0
2020-01-29,0,0,0,,,,0.0,0.0
2020-01-30,1,0,1,,,,1.0,0.0
2020-01-31,1,0,1,,,,0.0,0.0
2020-02-01,1,0,1,,,,0.0,0.0
2020-02-02,2,1,1,,,,1.0,1.0
2020-02-03,2,1,1,,,,0.0,0.0
2020-02-04,2,1,1,,,,0.0,0.0
2020-02-05,2,1,1,,,,0.0,0.0
2020-02-06,2,1,1,,,,0.0,0.0
2020-02-07,3,1,2,,,,1.0,0.0
2020-02-08,3,1,2,,,,0.0,0.0
2020-02-09,3,1,2,,,,0.0,0.0
2020-02-10,3,1,2,,,,0.0,0.0
2020-02-11,3,1,2,,,,0.0,0.0
2020-02-12,3,1,1,,,,0.0,0.0
2020-02-13,3,1,1,,,,0.0,0.0
2020-02-14,3,1,1,,,,0.0,0.0
2020-02-15,3,1,1,,,,0.0,0.0
2020-02-16,3,1,1,,,,0.0,0.0
2020-02-17,3,1,1,,,,0.0,0.0
2020-02-18,3,1,1,,,,0.0,0.0
2020-02-19,3,1,1,,,,0.0,0.0
2020-02-20,3,1,1,,,,0.0,0.0
2020-02-21,3,1,1,,,,0.0,0.0
2020-02-22,3,1,1,,,,0.0,0.0
2020-02-23,3,1,1,,,,0.0,0.0
2020-02-24,3,1,1,,,,0.0,0.0
2020-02-25,3,1,1,,,,0.0,0.0
2020-02-26,3,1,1,,,,0.0,0.0
2020-02-27,3,1,1,,,,0.0,0.0
2020-02-28,3,1,1,,,,0.0,0.0
2020-02-29,3,1,1,,,,0.0,0.0
2020-03-01,3,1,1,,,,0.0,0.0
2020-03-02,3,1,1,,,,0.0,0.0
2020-03-03,3,1,1,,,,0.0,0.0
2020-03-04,3,1,1,,,,0.0,0.0
2020-03-05,3,1,1,,,,0.0,0.0
2020-03-06,5,1,1,,,,2.0,0.0
2020-03-07,6,1,1,,,,1.0,0.0
2020-03-08,10,1,1,,,,4.0,0.0
2020-03-09,20,1,1,,,,10.0,0.0
2020-03-10,33,1,2,,,,13.0,0.0
2020-03-11,49,1,2,,,,16.0,0.0
2020-03-12,52,2,2,,,,3.0,1.0
2020-03-13,64,5,2,,,,12.0,3.0
2020-03-14,111,8,2,,,,47.0,3.0
2020-03-15,140,11,2,,,,29.0,3.0
2020-03-16,142,12,2,,,,2.0,1.0
2020-03-17,187,12,5,,,,45.0,0.0
2020-03-18,202,19,5,,,,15.0,7.0
2020-03-19,217,17,8,,,,15.0,-2.0
2020-03-20,230,18,8,,,,13.0,1.0
2020-03-21,307,19,13,,,,77.0,1.0
2020-03-22,380,25,17,,,,73.0,6.0
2020-03-23,462,33,17,,,,82.0,8.0
2020-03-24,552,35,20,,,,90.0,2.0
2020-03-25,636,38,26,,,,84.0,3.0
2020-03-26,707,45,28,,,,71.0,7.0
2020-03-27,803,54,31,,,,96.0,9.0
2020-03-28,1075,68,35,,,,272.0,14.0
2020-03-29,1418,71,42,,,,343.0,3.0
2020-03-30,1546,78,42,,,,128.0,7.0
2020-03-31,2084,88,49,,,,538.0,10.0
2020-04-01,2311,96,50,,,,227.0,8.0
2020-04-02,2633,107,51,,,,322.0,11.0
2020-04-03,3018,136,52,,,,385.0,29.0
2020-04-04,3094,144,57,,,,76.0,8.0
2020-04-05,3246,152,64,,,,152.0,8.0
2020-04-06,3660,163,73,,,,414.0,11.0
2020-04-07,3764,177,84,,,,104.0,14.0
2020-04-08,3870,182,96,,,,106.0,5.0
2020-04-09,4076,203,124,,,,206.0,21.0
2020-04-10,4195,221,140,,,,119.0,18.0
2020-04-11,4428,247,157,,,,233.0,26.0
2020-04-12,4648,297,197,,,,220.0,50.0
2020-04-13,4932,315,242,,,,284.0,18.0
2020-04-14,5223,335,295,,,,291.0,20.0
2020-04-15,5453,349,353,,,,230.0,14.0
2020-04-16,5660,362,435,,,,207.0,13.0
2020-04-17,5878,387,487,,,,218.0,25.0
2020-04-18,6087,397,516,,,,209.0,10.0
2020-04-19,6259,409,572,,,,172.0,12.0
2020-04-20,6459,428,613,,,,200.0,19.0
2020-04-21,6599,437,654,,,,140.0,9.0
2020-04-22,6710,446,693,,,,111.0,9.0
2020-04-23,6981,462,722,,,,271.0,16.0
2020-04-24,7192,477,762,,,,211.0,15.0
2020-04-25,7294,494,792,,,,102.0,17.0
2020-04-26,7579,501,862,,,,285.0,7.0
2020-04-27,7777,511,932,,,,198.0,10.0
2020-04-28,7958,530,975,,,,181.0,19.0
2020-04-29,8212,558,1023,,,,254.0,28.0
2020-04-30,8488,568,1043,,,,276.0,10.0
2020-05-01,8772,579,1084,,,,284.0,11.0
2020-05-02,8928,603,1124,,,,156.0,24.0
2020-05-03,9223,607,1214,,,,295.0,4.0
2020-05-04,9485,623,1315,,,,262.0,16.0
2020-05-05,9684,637,1408,,,,199.0,14.0
2020-05-06,10004,658,1506,,,,320.0,21.0
2020-05-07,10343,685,1618,,,,339.0,27.0
2020-05-08,10463,696,1734,,,,120.0,11.0
2020-05-09,10610,704,1842,,,,147.0,8.0
2020-05-10,10794,719,1924,,,,184.0,15.0
2020-05-11,11086,726,1999,,,,292.0,7.0
2020-05-12,11350,751,2106,,,,264.0,25.0
2020-05-13,11618,772,2251,,,,268.0,21.0
2020-05-14,11876,790,2337,,,,258.0,18.0
2020-05-15,12091,806,2460,,,,215.0,16.0
2020-05-16,12305,817,2561,,,,214.0,11.0
2020-05-17,12513,824,2635,,,,208.0,7.0
2020-05-18,12718,831,2729,,,,205.0,7.0
2020-05-19,12942,837,2843,,,,224.0,6.0
2020-05-20,13221,842,2932,,,,279.0,5.0
2020-05-21,13434,846,3000,,,,213.0,4.0
2020-05-22,13597,857,3092,,,,163.0,11.0
2020-05-23,13777,863,3177,,,,180.0,6.0
2020-05-24,14035,868,3249,,,,258.0,5.0
2020-05-25,14319,873,3323,,,,284.0,5.0
2020-05-26,14669,886,3412,,,,350.0,13.0
2020-05-27,15049,904,3506,,,,380.0,18.0
2020-05-28,15588,921,3598,,,,539.0,17.0
2020-05-29,16634,942,3720,,,,1046.0,21.0
2020-05-30,17224,950,3808,,,,590.0,8.0
2020-05-31,18086,957,3909,,,,862.0,7.0
2020-06-01,18638,960,3979,,,,552.0,3.0
2020-06-02,18997,966,4063,,,,359.0,6.0
2020-06-03,19748,974,4153,,,,751.0,8.0
2020-06-04,20382,984,4248,,,,634.0,10.0
2020-06-05,20626,987,4330,,,,244.0,3.0
2020-06-06,21340,994,4441,,,,714.0,7.0
2020-06-07,21895,1003,4530,,,,555.0,9.0
2020-06-08,22474,1011,4637,,,,579.0,8.0
2020-06-09,22992,1017,4736,,,,518.0,6.0
2020-06-10,23732,1027,4895,,,,740.0,10.0
2020-06-11,24175,1036,5165,,,,443.0,9.0
2020-06-12,24787,1052,5454,,,,612.0,16.0
2020-06-13,25392,1074,5706,,,,605.0,22.0
2020-06-14,25930,1088,5954,,,,538.0,14.0
2020-06-15,26420,1098,6252,,,,490.0,10.0
2020-06-16,26781,1103,6552,,,,361.0,5.0
2020-06-17,27238,1108,6820,,,,457.0,5.0
2020-06-18,27799,1116,7090,,,,561.0,8.0
2020-06-19,28459,1130,7378,,,,660.0,14.0
2020-06-20,29400,1150,7650,,,,941.0,20.0
2020-06-21,30052,1169,7893,,,,652.0,19.0
2020-06-22,30682,1177,8143,,,,630.0,8.0
2020-06-23,31825,1186,8442,,,,1143.0,9.0
2020-06-24,32295,1204,8656,,,,470.0,18.0
2020-06-25,33069,1212,8910,,,,774.0,8.0
2020-06-26,34073,1224,9182,,,,1004.0,12.0
2020-06-27,34803,1236,9430,,,,730.0,12.0
2020-06-28,35455,1244,9686,,,,652.0,8.0
2020-06-29,36438,1255,9956,,,,983.0,11.0
2020-06-30,37514,1266,10233,,,,1076.0,11.0
2020-07-01,38511,1270,10438,,,,997.0,4.0
2020-07-02,38805,1274,10673,,,,294.0,4.0
2020-07-03,40336,1280,11073,,,,1531.0,6.0
2020-07-04,41830,1290,11453,,,,1494.0,10.0
2020-07-05,44254,1297,11942,,,,2424.0,7.0
2020-07-06,46333,1303,12185,,,,2079.0,6.0
2020-07-07,47873,1309,12386,,,,1540.0,6.0
2020-07-08,50359,1314,12588,,,,2486.0,5.0
2020-07-09,51754,1314,12813,,,,1395.0,0.0
2020-07-10,52914,1360,13230,,,,1160.0,46.0
2020-07-11,54222,1372,14037,,,,1308.0,12.0
2020-07-12,56259,1534,16046,,,,2037.0,162.0
2020-07-13,57006,1599,20371,,,,747.0,65.0
2020-07-14,57545,1603,20459,,,,539.0,4.0
2020-07-15,58850,1614,20976,,,,1305.0,11.0
2020-07-16,61266,1643,21440,,,,2416.0,29.0
2020-07-17,63001,1660,21748,,,,1735.0,17.0
2020-07-18,65304,1773,22067,,,,2303.0,113.0
2020-07-19,67456,1831,22465,,,,2152.0,58.0
2020-07-20,68898,1835,23072,,,,1442.0,4.0
2020-07-21,70764,1837,23281,,,,1866.0,2.0
2020-07-22,72269,1843,23623,,,,1505.0,6.0
2020-07-23,74390,1871,24383,,,,2121.0,28.0
2020-07-24,76444,1879,24502,,,,2054.0,8.0
2020-07-25,78412,1897,25752,,,,1968.0,18.0
2020-07-26,80448,1932,26110,,,,2036.0,35.0
2020-07-27,82040,1945,26446,,,,1592.0,13.0
2020-07-28,83673,1947,26617,,,,1633.0,2.0
2020-07-29,85486,1962,26996,,,,1813.0,15.0
2020-07-30,89374,1983,65064,,,,3888.0,21.0
2020-07-31,93354,2023,65178,,,,3980.0,40.0
2020-08-01,98232,2039,65265,,,,4878.0,16.0
2020-08-02,103185,2059,65557,,,,4953.0,20.0
2020-08-03,106330,2104,65821,,,,3145.0,45.0
2020-08-04,112593,2115,66049,,,,6263.0,11.0
2020-08-05,115980,2123,66270,,,,3387.0,8.0
2020-08-06,119460,2150,66837,,,,3480.0,27.0
2020-08-07,122754,2168,66852,,,,3294.0,18.0
2020-08-08,126885,2209,67117,,,,4131.0,41.0
2020-08-09,129913,2270,67673,,,,3028.0,61.0
2020-08-10,136638,2294,68159,,,,6725.0,24.0
2020-08-11,139538,2312,68432,,,,2900.0,18.0
2020-08-12,143749,2404,68997,,,,4211.0,92.0
2020-08-13,147526,2426,70387,,,,3777.0,22.0
2020-08-14,153660,2442,71405,,,,6134.0,16.0
2020-08-15,157918,2600,72209,,,,4258.0,158.0
2020-08-16,161253,2665,112586,,,,3335.0,65.0
2020-08-17,164474,2681,112759,,,,3221.0,16.0
2020-08-18,169213,2687,112861,,,,4739.0,6.0
2020-08-19,173774,2795,113481,,,,4561.0,108.0
2020-08-20,178022,2883,114114,,,,4248.0,88.0
2020-08-21,182365,2940,114519,,,,4343.0,57.0
2020-08-22,187249,2966,114921,,,,4884.0,26.0
2020-08-23,189601,2998,131367,,,,2352.0,32.0
2020-08-24,194252,3010,132042,,,,4651.0,12.0
2020-08-25,197164,3038,132396,,,,2912.0,28.0
2020-08-26,202361,3137,133460,,,,5197.0,99.0
2020-08-27,205581,3234,133990,,,,3220.0,97.0
2020-08-28,209544,3325,134474,,,,3963.0,91.0
2020-08-29,213131,3419,135101,,,,3587.0,94.0
2020-08-30,217396,3520,157403,,,,4265.0,101.0
2020-08-31,220819,3558,157562,,,,3423.0,38.0
2020-09-01,224264,3597,158012,,,,3445.0,39.0
2020-09-02,226440,3623,158610,,,,2176.0,26.0
2020-09-03,228403,3688,159475,,,,1963.0,65.0
2020-09-04,232072,3737,160549,,,,3669.0,49.0
2020-09-05,234570,3790,161668,,,,2498.0,53.0
2020-09-06,237365,3875,184687,,,,2795.0,85.0
2020-09-07,238727,3890,184906,,,,1362.0,15.0
2020-09-08,241987,3916,185178,,,,3260.0,26.0
2020-09-09,245143,3986,185543,,,,3156.0,70.0
2020-09-10,248947,4066,186058,,,,3804.0,80.0
2020-09-11,252964,4108,186606,,,,4017.0,42.0
2020-09-12,257863,4292,187116,,,,4899.0,184.0
2020-09-13,261216,4371,207568,,,,3353.0,79.0
2020-09-14,265888,4630,207504,,,,4672.0,259.0
2020-09-15,269407,4663,207352,,,,3519.0,33.0
2020-09-16,272934,4732,207858,,,,3527.0,69.0
2020-09-17,276289,4785,208096,,,,3355.0,53.0
2020-09-18,279526,4830,208790,,,,3237.0,45.0
2020-09-19,283460,4930,209885,,,,3934.0,100.0
2020-09-20,286743,4984,229865,,,,3283.0,54.0
2020-09-21,290190,4999,230233,,,,3447.0,15.0
2020-09-22,291789,5049,230643,,,,1599.0,50.0
2020-09-23,294591,5091,231373,,,,2802.0,42.0
2020-09-24,296755,5127,231928,,,,2164.0,36.0
2020-09-25,299361,5196,232399,,,,2606.0,69.0
2020-09-26,301256,5284,232906,,,,1895.0,88.0
2020-09-27,304226,5344,252510,,,,2970.0,60.0
2020-09-28,307288,5381,252665,,,,3062.0,37.0
2020-09-29,309303,5448,252930,,,,2015.0,67.0
2020-09-30,311694,5504,253488,,,,2391.0,56.0
2020-10-01,314079,5562,254223,,,,2385.0,58.0
2020-10-02,316678,5616,254617,,,,2599.0,54.0
2020-10-03,319330,5678,255046,,,,2652.0,62.0
2020-10-04,322497,5776,273079,,,,3167.0,98.0
2020-10-05,324762,5840,273123,,,,2265.0,64.0
2020-10-06,326833,5865,273313,,,,2071.0,25.0
2020-10-07,329637,5925,273723,,,,2804.0,60.0
2020-10-08,331869,6069,274318,,,,2232.0,144.0
2020-10-09,334770,6152,275307,,,,2901.0,83.0
2020-10-10,336926,6238,276094,,,,2156.0,86.0
2020-10-11,339341,6321,293075,,,,2415.0,83.0
2020-10-12,342816,6332,293152,,,,3475.0,11.0
2020-10-13,344713,6372,293383,,,,1897.0,40.0
2020-10-14,346536,6449,293860,,,,1823.0,77.0
2020-10-15,348698,6497,294161,,,,2162.0,48.0
2020-10-16,351750,6531,294865,,,,3052.0,34.0
2020-10-17,354338,6603,295312,,,,2588.0,72.0
2020-10-18,356618,6652,310158,,,,2280.0,49.0
2020-10-19,359169,6675,310303,,,,2551.0,23.0
2020-10-20,360775,6690,310642,,,,1606.0,15.0
2020-10-21,362243,6747,311506,,,,1468.0,57.0
2020-10-22,363888,6783,312333,,,,1645.0,36.0
2020-10-23,365799,6915,312691,,,,1911.0,132.0
2020-10-24,367819,6934,313112,,,,2020.0,19.0
2020-10-25,370028,6977,328036,,,,2209.0,43.0
2020-10-26,371630,7039,328258,,,,1602.0,62.0
2020-10-27,373144,7053,328602,,,,1514.0,14.0
2020-10-28,375180,7114,329111,,,,2036.0,61.0
2020-10-29,376935,7147,329848,,,,1755.0,33.0
2020-10-30,378933,7185,330457,,,,1998.0,38.0
2020-10-31,380729,7221,331046,,,,1796.0,36.0
2020-11-01,383113,7238,348760,,,,2384.0,17.0
2020-11-02,385400,7269,348830,,,,2287.0,31.0
2020-11-03,387161,7318,348967,,,,1761.0,49.0
2020-11-04,388137,7367,349091,,,,976.0,49.0
2020-11-05,389725,7409,349543,,,,1588.0,42.0
2020-11-06,391809,7461,349974,,,,2084.0,52.0
2020-11-07,393961,7485,350216,,,,2152.0,24.0
2020-11-08,396395,7539,361638,,,,2434.0,54.0
2020-11-09,398449,7647,361784,,,,2054.0,108.0
2020-11-10,399749,7661,361919,,,,1300.0,14.0
2020-11-11,401416,7710,362217,,,,1667.0,49.0
2020-11-12,402820,7721,362417,,,,1404.0,11.0
2020-11-13,404713,7752,362903,,,,1893.0,31.0
2020-11-14,406337,7791,363068,,,,1624.0,39.0
2020-11-15,407838,7832,374329,,,,1501.0,41.0
2020-11-16,409574,7839,374366,,,,1736.0,7.0
2020-11-17,410718,7862,374543,,,,1144.0,23.0
2020-11-18,412097,7957,374666,,,,1379.0,95.0
2020-11-19,413430,7998,374939,,,,1333.0,41.0
2020-11-20,415067,8025,375237,,,,1637.0,27.0
2020-11-21,416852,8080,375548,,,,1785.0,55.0
2020-11-22,418818,8123,386486,,,,1966.0,43.0
2020-11-23,420614,8173,386604,,,,1796.0,50.0
2020-11-24,421722,8185,386792,,,,1108.0,12.0
2020-11-25,422915,8215,386955,,,,1193.0,30.0
2020-11-26,424297,8242,387266,,,,1382.0,27.0
2020-11-27,425918,8255,387616,,,,1621.0,13.0
2020-11-28,427797,8333,388062,,,,1879.0,78.0
2020-11-29,429864,8373,398624,,,,2067.0,40.0
2020-11-30,431630,8392,398658,,,,1766.0,19.0
2020-12-01,432925,8418,398782,,,,1295.0,26.0
2020-12-02,434357,8436,399005,,,,1432.0,18.0
2020-12-03,435413,8446,399325,,,,1056.0,10.0
2020-12-04,436345,8509,399345,,,,932.0,63.0
2020-12-05,438069,8526,399582,,,,1724.0,17.0
2020-12-06,439834,8554,408634,,,,1765.0,28.0
2020-12-07,441399,8572,408702,,,,1565.0,18.0
2020-12-08,442785,8670,408790,,,,1386.0,98.0
2020-12-09,444164,8677,408942,,,,1379.0,7.0
2020-12-10,445540,8701,409058,,,,1376.0,24.0
2020-12-11,447039,8709,409329,,,,1499.0,8.0
2020-12-12,448331,8730,409433,,,,1292.0,21.0
2020-12-13,449400,8733,418687,,,,1069.0,3.0
2020-12-14,450733,8757,418723,,,,1333.0,24.0
2020-12-15,451839,8812,418867,,,,1106.0,55.0
2020-12-16,452988,8833,419282,,,,1149.0,21.0
2020-12-17,454447,8850,419902,,,,1459.0,17.0
2020-12-18,456562,8875,420666,,,,2115.0,25.0
2020-12-19,458044,8911,421086,,,,1482.0,36.0
2020-12-20,459789,8947,429134,,,,1745.0,36.0
2020-12-21,461505,8957,429207,,,,1716.0,10.0
2020-12-22,462815,9021,429419,,,,1310.0,64.0
2020-12-23,464004,9048,429972,,,,1189.0,27.0
2020-12-24,465724,9055,430490,,,,1720.0,7.0
2020-12-25,467601,9062,430791,,,,1877.0,7.0
2020-12-26,469005,9067,431055,,,,1404.0,5.0
2020-12-27,469886,9109,438678,,,,881.0,42.0
2020-12-28,470650,9124,438780,,,,764.0,15.0
2020-12-29,471526,9162,439016,,,,876.0,38.0
2020-12-30,472532,9230,439509,,,,1006.0,68.0
2020-12-31,474064,9244,439796,,,,1532.0,14.0
2021-01-01,475820,9248,439895,,,,1756.0,4.0
2021-01-02,476916,9253,439942,,,,1096.0,5.0
2021-01-03,477807,9257,448258,,,,891.0,4.0
2021-01-04,478761,9263,448279,,,,954.0,6.0
2021-01-05,479693,9321,448375,,,,932.0,58.0
2021-01-06,480737,9347,448700,,,,1044.0,26.0
2021-01-07,482083,9356,449052,,,,1346.0,9.0
2021-01-08,483852,9364,449330,,,,1769.0,8.0
2021-01-09,485797,9398,449615,,,,1945.0,34.0
2021-01-10,487690,9405,458198,,,,1893.0,7.0
2021-01-11,489736,9416,458206,,,,2046.0,11.0
2021-01-12,491258,9554,458172,,,,1522.0,138.0
2021-01-13,492700,9699,458523,,,,1442.0,145.0
2021-01-14,494605,9739,459252,,,,1905.0,40.0
2021-01-15,496646,9876,459737,,,,2041.0,137.0
2021-01-16,498691,9884,460133,,,,2045.0,8.0
2021-01-17,500577,9895,465991,,,,1886.0,11.0
2021-01-18,502736,9909,465988,,,,2159.0,14.0
2021-01-19,504084,9978,466249,,,,1348.0,69.0
2021-01-20,505939,10042,466993,,,,1855.0,64.0
2021-01-21,507717,10116,467475,,,,1778.0,74.0
2021-01-22,509887,10136,467720,,,,2170.0,20.0
2021-01-23,511679,10190,467886,,,,1792.0,54.0
2021-01-24,513619,10242,475612,,,,1940.0,52.0
2021-01-25,514996,10292,475422,,,,1377.0,50.0
2021-01-26,516166,10386,475423,,,,1170.0,94.0
2021-01-27,518407,10481,475542,,,,2241.0,95.0
2021-01-28,519575,10552,475596,,,,1168.0,71.0
2021-01-29,521413,10600,475765,,,,1838.0,48.0
2021-01-30,523516,10669,475904,,,,2103.0,69.0
2021-01-31,525618,10749,487551,,,,2102.0,80.0
2021-02-01,527272,10807,487574,,,,1654.0,58.0
2021-02-02,528853,10874,487611,,,,1581.0,67.0
2021-02-03,530118,10942,487721,,,,1265.0,68.0
2021-02-04,531699,10997,487927,,,,1581.0,55.0
2021-02-05,533587,11058,488274,,,,1888.0,61.0
2021-02-06,535521,11110,488465,,,,1934.0,52.0
2021-02-07,537310,11179,499798,,,,1789.0,69.0
2021-02-08,538995,11231,499772,,,,1685.0,52.0
2021-02-09,540227,11296,499764,,,,1232.0,65.0
2021-02-10,541560,11401,499971,,,,1333.0,105.0
2021-02-11,543282,11469,500335,,,,1722.0,68.0
2021-02-12,545300,11495,500654,,,,2018.0,26.0
2021-02-13,547255,11507,500781,,,,1955.0,12.0
2021-02-14,549176,11515,511743,,,,1921.0,8.0
2021-02-15,550860,11517,511755,,,,1684.0,2.0
2021-02-16,552246,11524,511796,,,,1386.0,7.0
2021-02-17,553424,11577,512033,,,,1178.0,53.0
2021-02-18,555163,11673,512163,,,,1739.0,96.0
2021-02-19,557058,11829,512789,,,,1895.0,156.0
2021-02-20,559288,12068,513120,,,,2230.0,239.0
2021-02-21,561169,12088,522843,,,,1881.0,20.0
2021-02-22,563456,12094,522874,,,,2287.0,6.0
2021-02-23,564865,12107,522941,,,,1409.0,13.0
2021-02-24,566420,12129,523321,,,,1555.0,22.0
2021-02-25,568680,12201,524042,,,,2260.0,72.0
2021-02-26,571327,12247,524582,,,,2647.0,46.0
2021-02-27,574247,12289,524865,,,,2920.0,42.0
2021-02-28,576352,12318,534271,,,,2105.0,29.0
2021-03-01,578381,12322,534351,,,756.0,2029.0,4.0
2021-03-02,580442,12369,534463,,,1396.0,2061.0,47.0
2021-03-03,582223,12389,534778,,,2132.0,1781.0,20.0
2021-03-04,584667,12404,535037,,,2500.0,2444.0,15.0
2021-03-05,587704,12423,535207,,,3514.0,3037.0,19.0
2021-03-06,591138,12465,535350,,,4190.0,3434.0,42.0
2021-03-07,594412,12516,545853,,,4181.0,3274.0,51.0
2021-03-08,597763,12521,545912,,,6178.0,3351.0,5.0
2021-03-09,600428,12528,546078,,,12326.0,2665.0,7.0
2021-03-10,603308,12545,546293,,,15443.0,2880.0,17.0
2021-03-11,607048,12608,546671,,,18690.0,3740.0,63.0
2021-03-12,611618,12694,546912,,,21370.0,4570.0,86.0
2021-03-13,616611,12766,547166,,,24051.0,4993.0,72.0
2021-03-14,621498,12829,560512,,,25068.0,4887.0,63.0
2021-03-15,626893,12837,560577,,,24571.0,5395.0,8.0
2021-03-16,631320,12848,560736,,,18245.0,4427.0,11.0
2021-03-17,635698,12866,561099,,,22155.0,4378.0,18.0
2021-03-18,640984,12887,561530,,,21587.0,5286.0,21.0
2021-03-19,648066,12900,561902,,,21020.0,7082.0,13.0
2021-03-20,656056,12930,562484,,,20452.0,7990.0,30.0
2021-03-21,663794,12968,577754,,,27020.0,7738.0,38.0
2021-03-22,671792,12972,577850,,,33587.0,7998.0,4.0
2021-03-23,677653,12992,578461,,,41648.0,5861.0,20.0
2021-03-24,684311,13039,579518,,,39393.0,6658.0,47.0
2021-03-25,693048,13095,580062,,,41484.0,8737.0,56.0
2021-03-26,702856,13149,580689,,,43576.0,9808.0,54.0
2021-03-27,712442,13159,581161,,,45668.0,9586.0,10.0
2021-03-28,721892,13170,603154,,,41425.0,9450.0,11.0
2021-03-29,731894,13186,603213,,,37183.0,10002.0,16.0
2021-03-30,741181,13191,603310,1344.0,,32940.0,9287.0,5.0
2021-03-31,747288,13297,603746,,,30429.0,6107.0,106.0
2021-04-01,756199,13303,603948,,,27918.0,8911.0,6.0
2021-04-02,771497,13320,604368,,,25408.0,15298.0,17.0
2021-04-03,784043,13423,604905,,,22897.0,12546.0,103.0
2021-04-04,795051,13425,646100,,,21739.0,11008.0,2.0
2021-04-05,803398,13435,646237,28850.0,,20582.0,8347.0,10.0
2021-04-06,812760,13817,646381,50685.0,,26284.0,9362.0,382.0
2021-04-07,819164,14059,646404,,,29701.0,6404.0,242.0
2021-04-08,828366,14119,646968,,,33119.0,9202.0,60.0
2021-04-09,840554,14520,647683,,,36537.0,12188.0,401.0
2021-04-10,853209,14744,648220,,,39955.0,12655.0,224.0
2021-04-11,864868,14945,703404,132288.0,,43373.0,11659.0,201.0
2021-04-12,876225,15149,703625,149041.0,,49549.0,11357.0,204.0
2021-04-13,884783,15286,703963,162065.0,,47545.0,8558.0,137.0
2021-04-14,892880,15447,704386,,,49444.0,8097.0,161.0
2021-04-15,904285,15594,705164,,,50129.0,11405.0,147.0
2021-04-16,914971,15738,705757,,,50815.0,10686.0,144.0
2021-04-17,926052,15810,706532,191982.0,,51500.0,11081.0,72.0
2021-04-18,936133,15960,779084,198534.0,,48302.0,10081.0,150.0
2021-04-19,945745,16048,788322,,,43607.0,9612.0,88.0
2021-04-20,953106,16141,809959,209456.0,,43835.0,7361.0,93.0
2021-04-21,962307,16265,829608,214792.0,,42866.0,9201.0,124.0
2021-04-22,971049,16370,846691,,,43741.0,8742.0,105.0
2021-04-23,979740,16529,860412,,,46245.0,8691.0,159.0
2021-04-24,989380,16674,883221,230769.0,,42382.0,9640.0,145.0
2021-04-25,997523,16783,903665,,,40421.0,8143.0,109.0
2021-04-26,1006428,16853,914952,237992.0,,37199.0,8905.0,70.0
2021-04-27,1013618,16916,925027,246986.0,,35320.0,7190.0,63.0
2021-04-28,1020495,17031,935695,,,33878.0,6877.0,115.0
2021-04-29,1028738,17145,942239,266555.0,,30613.0,8243.0,114.0
2021-04-30,1037460,17234,946318,280045.0,,26785.0,8722.0,89.0
2021-05-01,1046653,17354,957051,284553.0,,26819.0,9193.0,120.0
2021-05-02,1054983,17431,966080,,,29929.0,8330.0,77.0
2021-05-03,1062225,17525,975234,309385.0,,33039.0,7242.0,94.0
2021-05-04,1067892,17622,984210,320586.0,,36491.0,5667.0,97.0
2021-05-05,1073555,17800,993042,342705.0,,39946.0,5663.0,178.0
2021-05-06,1080172,17991,999011,,,48687.0,6617.0,191.0
2021-05-07,1087885,18099,1003160,421443.0,,56361.0,7713.0,108.0
2021-05-08,1094849,18269,1013204,443796.0,,64900.0,6964.0,170.0
2021-05-09,1101990,18472,1022224,451270.0,,62654.0,7141.0,203.0
2021-05-10,1108826,18562,1030367,,,68030.0,6836.0,90.0
2021-05-11,1113547,18620,1038175,517113.0,,68119.0,4721.0,58.0
2021-05-12,1118359,18714,1046431,,,71312.0,4812.0,94.0
2021-05-13,1124724,18821,1050643,,,70414.0,6365.0,107.0
2021-05-14,1131467,18958,1053523,636054.0,,67987.0,6743.0,137.0
2021-05-15,1138187,19051,1062427,675799.0,,75100.0,6720.0,93.0
2021-05-16,1143963,19191,1069868,719602.0,,84728.0,5776.0,140.0
2021-05-17,1149925,19262,1076428,,,96464.0,5962.0,71.0
2021-05-18,1154388,19372,1082725,786528.0,,108201.0,4463.0,110.0
2021-05-19,1159071,19507,1089613,,,125788.0,4683.0,135.0
2021-05-20,1165155,19641,1093602,,,143376.0,6084.0,134.0
2021-05-21,1171403,19763,1096109,925713.0,,166572.0,6248.0,122.0
2021-05-22,1178217,19946,1103945,949939.0,,168033.0,6814.0,183.0
2021-05-23,1179812,19951,1109226,,,166861.0,1595.0,5.0
2021-05-24,1184706,19983,1115806,986929.0,,164986.0,4894.0,32.0
2021-05-25,1188672,20019,1120452,1029061.0,,170844.0,3966.0,36.0
2021-05-26,1193976,20169,1127770,,,165353.0,5304.0,150.0
2021-05-27,1200430,20379,1131942,,,163436.0,6454.0,210.0
2021-05-28,1209154,20566,1134818,,,144598.0,8724.0,187.0
2021-05-29,1216582,20722,1142246,,,139596.0,7428.0,156.0
2021-05-30,1223627,20860,1149010,1206371.0,,144402.0,7045.0,138.0
2021-05-31,1230301,20966,1155045,,,139410.0,6674.0,106.0
2021-06-01,1235467,21012,1161252,,,126685.0,5166.0,46.0
2021-06-02,1240716,21158,1167426,1343107.0,,121595.0,5249.0,146.0
2021-06-03,1247899,21357,1170752,,,115824.0,7183.0,199.0
2021-06-04,1255337,21537,1173006,1484821.0,,122894.0,7438.0,180.0
2021-06-05,1262273,21732,1180998,1520788.0,,118951.0,6936.0,195.0
2021-06-06,1269478,21898,1188243,1544332.0,,112133.0,7205.0,166.0
2021-06-07,1276004,21969,1195181,1604260.0,,116394.0,6526.0,71.0
2021-06-08,1280773,22064,1202257,1681722.0,,133197.0,4769.0,95.0
2021-06-09,1286217,22190,1210027,1746513.0,,136179.0,5444.0,126.0
2021-06-10,1293687,22312,1214454,,,134470.0,7470.0,122.0
2021-06-11,1300349,22507,1216497,,,130500.0,6662.0,195.0
2021-06-12,1308352,22652,1225359,1855472.0,,137543.0,8003.0,145.0
2021-06-13,1315639,22788,1232986,1879694.0,,140414.0,7287.0,136.0
2021-06-14,1322053,22845,1240112,1903000.0,,135596.0,6414.0,57.0
2021-06-15,1327431,22963,1246405,1975450.0,,150537.0,5378.0,118.0
2021-06-16,1332832,23121,1253541,2012154.0,,156066.0,5401.0,158.0
2021-06-17,1339457,23276,1257774,2065134.0,,176282.0,6625.0,155.0
2021-06-18,1346276,23385,1261115,2096901.0,,186925.0,6819.0,109.0
2021-06-19,1353220,23538,1270243,2120134.0,,193244.0,6944.0,153.0
2021-06-20,1359015,23621,1277715,2153942.0,,208399.0,5795.0,83.0
2021-06-21,1364239,23749,1284643,2183489.0,,220861.0,5224.0,128.0
2021-06-22,1367894,23809,1291389,,,208700.0,3655.0,60.0
2021-06-23,1372232,23928,1298442,,,214824.0,4338.0,119.0
2021-06-24,1378260,24036,1302814,,,208060.0,6028.0,108.0
2021-06-25,1385053,24152,1305608,2246897.0,,213129.0,6793.0,116.0
2021-06-26,1391911,24244,1314220,,,225893.0,6858.0,92.0
2021-06-27,1397992,24372,1321050,2527286.0,,236867.0,6081.0,128.0
2021-06-28,1403588,24456,1327103,,,222783.0,5596.0,84.0
2021-06-29,1408058,24557,1333464,2570380.0,,201021.0,4470.0,101.0
2021-06-30,1412559,24662,1339248,2632938.0,,196628.0,4501.0,105.0
2021-07-01,1418337,24797,1341973,2701064.0,,199842.0,5778.0,135.0
2021-07-02,1424518,24973,1344063,,,213695.0,6181.0,176.0
2021-07-03,1430419,25063,1351691,,,224177.0,5901.0,90.0
2021-07-04,1436369,25149,1358512,2868905.0,,234659.0,5950.0,86.0
2021-07-05,1441746,25192,1364960,,,241005.0,5377.0,43.0
2021-07-06,1445832,25296,1370923,2920448.0,,247350.0,4086.0,104.0
2021-07-07,1450110,25459,1377132,2971367.0,,248004.0,4278.0,163.0
2021-07-08,1455585,25650,1380899,3089976.0,,255153.0,5475.0,191.0
2021-07-09,1461455,25720,1383833,,,239656.0,5870.0,70.0
2021-07-10,1467119,25816,1391335,3365745.0,,224159.0,5664.0,96.0
2021-07-11,1473025,25921,1397403,3464916.0,,202035.0,5906.0,105.0
2021-07-12,1478061,26015,1402918,3526342.0,,194052.0,5036.0,94.0
2021-07-13,1481660,26092,1408634,3670940.0,,210642.0,3599.0,77.0
2021-07-14,1485457,26232,1414817,,,225567.0,3797.0,140.0
2021-07-15,1490665,26314,1418856,4047792.0,,226391.0,5208.0,82.0
2021-07-16,1496328,26476,1421372,4288660.0,,249959.0,5663.0,162.0
2021-07-17,1502359,26598,1428504,,,247654.0,6031.0,122.0
2021-07-18,1507755,26714,1433851,,,251975.0,5396.0,116.0
2021-07-19,1513396,26786,1439049,4708073.0,,271426.0,5641.0,72.0
2021-07-20,1517903,26844,1444253,,,273445.0,4507.0,58.0
2021-07-21,1524449,26874,1449579,5031301.0,,265451.0,6546.0,30.0
2021-07-22,1530266,26891,1452813,,,278129.0,5817.0,17.0
2021-07-23,1537097,26891,1455137,5560029.0,,280069.0,6831.0,0.0
2021-07-24,1543281,27131,1461749,,,295751.0,6184.0,240.0
2021-07-25,1548755,27224,1467269,5984115.0,,311433.0,5474.0,93.0
2021-07-26,1555396,27247,1473009,6089314.0,,300880.0,6641.0,23.0
2021-07-27,1562420,27318,1478625,6311060.0,,308424.0,7024.0,71.0
2021-07-28,1566667,27401,1484714,,,403013.0,4247.0,83.0
2021-07-29,1572287,27577,1488437,7835715.0,,476930.0,5620.0,176.0
2021-07-30,1580824,27722,1491182,,,472795.0,8537.0,145.0
2021-07-31,1588965,27889,1500189,,,480791.0,8141.0,167.0
2021-08-01,1597689,28016,1506027,,,488786.0,8724.0,127.0
2021-08-02,1605762,28093,1515054,9115963.0,,523018.0,8073.0,77.0
2021-08-03,1612541,28141,1521263,10282152.0,,710476.0,6779.0,48.0
2021-08-04,1619824,28231,1528422,,,629471.0,7283.0,90.0
2021-08-05,1627816,28427,1599389,10705190.0,,548466.0,7992.0,196.0
2021-08-06,1638345,28673,1609672,,,580044.0,10529.0,246.0
2021-08-07,1649341,28835,1620506,,,611622.0,10996.0,162.0
2021-08-08,1658916,29122,1629794,11614590.0,,643200.0,9575.0,287.0
2021-08-09,1667714,29128,1638586,,,643664.0,8798.0,6.0
2021-08-10,1676156,29220,1646936,,,465663.0,8442.0,92.0
2021-08-11,1688040,29374,1658666,12027383.0,,469079.0,11884.0,154.0
2021-08-12,1700363,29539,1670824,,,478309.0,12323.0,165.0
2021-08-13,1713302,29838,1683464,,,453008.0,12939.0,299.0
2021-08-14,1727231,30070,1697161,,,427707.0,13929.0,232.0
2021-08-15,1741616,30340,1711276,12565017.0,,402406.0,14385.0,270.0
2021-08-16,1755846,30366,1725480,12743082.0,,419900.0,14230.0,26.0
2021-08-17,1765675,30462,1735213,,,424217.0,9829.0,96.0
2021-08-18,1776495,30623,1745872,12877197.0,,428534.0,10820.0,161.0
2021-08-19,1791003,30881,1760122,,,413625.0,14508.0,258.0
2021-08-20,1807800,31198,1776602,,,398716.0,16797.0,317.0
2021-08-21,1824051,31596,1792455,,,383806.0,16251.0,398.0
2021-08-22,1839635,31810,1807825,13130485.0,,368897.0,15584.0,214.0
2021-08-23,1857646,31961,1825685,13197689.0,,340647.0,18011.0,151.0
2021-08-24,1869691,32264,1837427,,,335053.0,12045.0,303.0
2021-08-25,1883088,32492,1850596,13371734.0,,329459.0,13397.0,228.0
2021-08-26,1899200,32728,1866472,,,343888.0,16112.0,236.0
2021-08-27,1916461,32841,1883620,,,358317.0,17261.0,113.0
2021-08-28,1935700,33008,1902692,,,372747.0,19239.0,167.0
2021-08-29,1954023,33109,1920914,13784681.0,,387176.0,18323.0,101.0
2021-08-30,1976202,33330,1942872,,,387118.0,22179.0,221.0
2021-08-31,1989857,33448,1956409,13958418.0,,377580.0,13655.0,118.0
2021-09-01,2003955,33533,1970422,14109916.0,,382696.0,14098.0,85.0
2021-09-02,2020484,33680,1986804,,,384864.0,16529.0,147.0
2021-09-03,2040568,33873,2006695,,,387032.0,20084.0,193.0
2021-09-04,2061084,34062,2027022,,,389200.0,20516.0,189.0
2021-09-05,2080984,34234,2046750,15033354.0,,391367.0,19900.0,172.0
2021-09-06,2103331,34337,2068994,15121776.0,,370424.0,22347.0,103.0
2021-09-07,2121308,34498,2086810,,,411410.0,17977.0,161.0
2021-09-08,2134005,34672,2099333,15837799.0,,437742.0,12697.0,174.0
2021-09-09,2161892,34733,2127159,16138934.0,,454876.0,27887.0,61.0
2021-09-10,2179770,34899,2144871,,,441705.0,17878.0,166.0
2021-09-11,2206021,34978,2171043,,,428534.0,26251.0,79.0
2021-09-12,2227367,35145,2192222,16794545.0,,415362.0,21346.0,167.0
2021-09-13,2248071,35307,2212764,17078676.0,,449485.0,20704.0,162.0
2021-09-14,2266066,35529,2230537,17348671.0,,420559.0,17995.0,222.0
2021-09-15,2283011,35742,2247269,17675959.0,,407696.0,16945.0,213.0
2021-09-16,2304192,36018,2268174,17977462.0,,398676.0,21181.0,276.0
2021-09-17,2324475,36328,2288147,,,392808.0,20283.0,310.0
2021-09-18,2347550,36583,2310967,,,386941.0,23075.0,255.0
2021-09-19,2366749,36788,2329961,18560409.0,,381073.0,19199.0,205.0
2021-09-20,2385616,36934,2348682,,,375813.0,18867.0,146.0
2021-09-21,2401916,37074,2364842,19023958.0,,371671.0,16300.0,140.0
2021-09-22,2417419,37228,2380191,,,368541.0,15503.0,154.0
2021-09-23,2434753,37405,2397348,19671725.0,,367105.0,17334.0,177.0
2021-09-24,2453328,37405,2415923,,,364731.0,18575.0,0.0
2021-09-25,2470175,37405,2432770,,,362356.0,16847.0,0.0
2021-09-26,2490858,37405,2453453,20307122.0,,359982.0,20683.0,0.0
2021-09-27,2509177,37494,2471683,20583580.0,,369770.0,18319.0,89.0
2021-09-28,2522965,37686,2485279,20815925.0,,372853.0,13788.0,192.0
2021-09-29,2535732,38164,2497568,21103317.0,,362486.0,12767.0,478.0
2021-09-30,2549966,38294,2511672,21358676.0,,358931.0,14234.0,130.0
2021-10-01,2565487,38493,2526994,,,355791.0,15521.0,199.0
2021-10-02,2580173,38656,2541517,,,352651.0,14686.0,163.0
2021-10-03,2593399,38768,2554631,21800974.0,,349511.0,13226.0,112.0
2021-10-04,2604040,38828,2565212,21991452.0,,345340.0,10641.0,60.0
2021-10-05,2613070,38828,2574242,22402105.0,,433859.0,9030.0,0.0
2021-10-06,2622917,38828,2584089,22657351.0,,463320.0,9847.0,0.0
2021-10-07,2632881,38837,2594044,22874013.0,,474917.0,9964.0,9.0
2021-10-08,2643494,39232,2604262,,,473422.0,10613.0,395.0
2021-10-09,2654450,39505,2614945,,,471928.0,10956.0,273.0
2021-10-10,2666562,39624,2626938,23186969.0,,470433.0,12112.0,119.0
2021-10-11,2674814,39660,2635154,23360489.0,,469703.0,8252.0,36.0
2021-10-12,2683372,39896,2643476,23538103.0,,385315.0,8558.0,236.0
2021-10-13,2690455,40069,2650386,23765641.0,,363698.0,7083.0,173.0
2021-10-14,2698232,40221,2658011,23981240.0,,365221.0,7777.0,152.0
2021-10-15,2705792,40424,2665368,,,368738.0,7560.0,203.0
2021-10-16,2713509,40580,2672929,,,372256.0,7717.0,156.0
2021-10-17,2720368,40675,2679693,24307903.0,,375773.0,6859.0,95.0
2021-10-18,2727286,40761,2686525,24498753.0,,388109.0,6918.0,86.0
2021-10-19,2731735,40972,2690763,24694717.0,,405588.0,4449.0,211.0
2021-10-20,2735369,40977,2694392,24876889.0,,414506.0,3634.0,5.0
2021-10-21,2740111,41237,2698874,25101222.0,,423157.0,4742.0,260.0
2021-10-22,2745889,41520,2704369,,,444571.0,5778.0,283.0
2021-10-23,2751667,41585,2710082,,,465984.0,5778.0,65.0
2021-10-24,2756923,41793,2715130,25711980.0,,487398.0,5256.0,208.0
2021-10-25,2761307,41942,2719365,25955669.0,,495882.0,4384.0,149.0
2021-10-26,2765672,42077,2723595,26180669.0,,494241.0,4365.0,135.0
2021-10-27,2768849,42348,2726501,26479028.0,,522272.0,3177.0,271.0
2021-10-28,2772491,42575,2729916,26803677.0,,538289.0,3642.0,227.0
2021-10-29,2779943,42621,2737322,,,530339.0,7452.0,46.0
2021-10-30,2783896,43044,2740852,,,522389.0,3953.0,423.0
2021-10-31,2787276,43172,2744104,27360873.0,,514439.0,3380.0,128.0
2021-11-01,2790375,43276,2747099,27442969.0,,459876.0,3099.0,104.0
2021-11-02,2792656,43404,2749252,27749809.0,,518810.0,2281.0,128.0
2021-11-03,2793898,43586,2750312,28198294.0,,551542.0,1242.0,182.0
2021-11-04,2795642,43825,2751817,,,608878.0,1744.0,239.0
2021-11-05,2797986,44085,2753901,,,638260.0,2344.0,260.0
2021-11-06,2800621,44239,2756382,,,667642.0,2635.0,154.0
2021-11-07,2803213,44430,2758783,,,697025.0,2592.0,191.0
2021-11-08,2805294,44521,2760773,,,781958.0,2081.0,91.0
2021-11-09,2806694,44567,2762127,,,765422.0,1400.0,46.0
2021-11-10,2809311,44665,2764646,,,780290.0,2617.0,98.0
2021-11-11,2811248,44866,2766382,30804594.0,,748839.0,1937.0,201.0
2021-11-12,2813115,45035,2768080,,,761990.0,1867.0,169.0
2021-11-13,2815080,45272,2769808,,,775142.0,1965.0,237.0
2021-11-14,2816980,45581,2771399,,,788294.0,1900.0,309.0
2021-11-15,2818511,45709,2772802,,,818629.0,1531.0,128.0
2021-11-16,2819341,45808,2773533,,,845108.0,830.0,99.0
2021-11-17,2820494,46117,2774377,,,849495.0,1153.0,309.0
2021-11-18,2821753,46422,2775331,32993083.0,,885910.0,1259.0,305.0
2021-11-19,2823210,46698,2776512,,,870931.0,1457.0,276.0
2021-11-20,2824499,46903,2777596,,,855952.0,1289.0,205.0
2021-11-21,2826410,47074,2779336,33579181.0,,840973.0,1911.0,171.0
2021-11-22,2826853,47288,2779565,,,819539.0,443.0,214.0
2021-11-23,2827820,47482,2780338,,,792592.0,967.0,194.0
2021-11-24,2828660,47682,2780978,,,754081.0,840.0,200.0
2021-11-25,2829618,47875,2781743,,,705453.0,958.0,193.0
2021-11-26,2830387,48017,2782370,,,741547.0,769.0,142.0
2021-11-27,2831177,48205,2782972,,,777640.0,790.0,188.0
2021-11-28,2831807,48361,2783446,35678774.0,188084.0,813734.0,630.0,156.0
2021-11-29,2832375,48501,2783874,,,1063520.0,568.0,140.0
2021-11-30,2832734,48545,2784189,36365357.0,313836.0,1313306.0,359.0,44.0
2021-12-01,2833038,48712,2784326,36869419.0,389451.0,1575469.0,304.0,167.0
2021-12-02,2833473,48752,2784721,37353438.0,,1629125.0,435.0,40.0
2021-12-03,2833878,48987,2784891,,,1585154.0,405.0,235.0
2021-12-04,2834294,49230,2785064,,,1541183.0,416.0,243.0
2021-12-05,2834775,49386,2785389,38168603.0,509944.0,1497212.0,481.0,156.0
2021-12-06,2835154,49499,2785655,38699023.0,561125.0,1270543.0,379.0,113.0
2021-12-07,2835345,49591,2785754,,,1010510.0,191.0,92.0
2021-12-08,2835593,49761,2785832,39560598.0,643370.0,738100.0,248.0,170.0
2021-12-09,2835996,49936,2786060,,,653923.0,403.0,175.0
2021-12-10,2836200,49961,2786239,,,667373.0,204.0,25.0
2021-12-11,2836360,50096,2786264,,,680823.0,160.0,135.0
2021-12-12,2836592,50280,2786312,,,694274.0,232.0,184.0
2021-12-13,2836803,50341,2786462,41513071.0,809550.0,640636.0,211.0,61.0
2021-12-14,2836868,50351,2786517,42008263.0,853500.0,646976.0,65.0,10.0
2021-12-15,2836915,50449,2786466,42576087.0,932198.0,700373.0,47.0,98.0
2021-12-16,2837016,50496,2786520,43024393.0,1014205.0,739503.0,101.0,47.0
2021-12-17,2837464,50570,2786894,,,696350.0,448.0,74.0
2021-12-18,2837555,50675,2786880,,,653198.0,91.0,105.0
2021-12-19,2837577,50739,2786838,43534136.0,1113377.0,610045.0,22.0,64.0
2021-12-20,2837730,50784,2786946,44212255.0,1153103.0,631251.0,153.0,45.0
2021-12-21,2837719,50794,2786925,,,608351.0,-11.0,10.0
2021-12-22,2837784,50916,2786868,,,538394.0,65.0,122.0
2021-12-23,2837903,50981,2786922,,,502977.0,119.0,65.0
2021-12-24,2838032,51050,2786982,,,549842.0,129.0,69.0
2021-12-25,2838381,51187,2787194,,,596708.0,349.0,137.0
2021-12-26,2838640,51200,2787440,47169454.0,1376441.0,643573.0,259.0,13.0
2021-12-27,2838792,51211,2787581,47860944.0,1484246.0,662106.0,152.0,11.0
2021-12-28,2839111,51213,2787898,48647158.0,1614505.0,713604.0,319.0,2.0
2021-12-29,2839790,51241,2788549,,,713935.0,679.0,28.0
2021-12-30,2841260,51373,2789887,49626439.0,1786975.0,714266.0,1470.0,132.0
2021-12-31,2843979,51504,2792475,,,669264.0,2719.0,131.0
2022-01-01,2847486,51545,2795941,,,624261.0,3507.0,41.0
2022-01-02,2851931,51570,2800361,,,579259.0,4445.0,25.0
2022-01-03,2855819,51586,2804233,,,498231.0,3888.0,16.0
2022-01-04,2861119,51604,2809515,50627196.0,2207941.0,401730.0,5300.0,18.0
2022-01-05,2871745,51662,2820083,51085070.0,2461880.0,424239.0,10626.0,58.0
2022-01-06,2888917,51743,2837174,51655649.0,2806530.0,482076.0,17172.0,81.0
2022-01-07,2910664,51871,2858793,,,506933.0,21747.0,128.0
2022-01-08,2936875,52135,2884740,,,531791.0,26211.0,264.0
2022-01-09,2965447,52150,2913297,52393229.0,3327416.0,556648.0,28572.0,15.0
2022-01-10,2998530,52293,2946237,52849101.0,3577704.0,638667.0,33083.0,143.0
2022-01-11,3026473,52511,2973962,53389481.0,3855924.0,744828.0,27943.0,218.0
2022-01-12,3058634,52654,3005980,53905973.0,4112207.0,772688.0,32161.0,143.0
2022-01-13,3092409,52736,3039673,54423286.0,4403780.0,775542.0,33775.0,82.0
2022-01-14,3129512,52815,3076697,,,782783.0,37103.0,79.0
2022-01-15,3168379,52858,3115521,,,790024.0,38867.0,43.0
2022-01-16,3205396,52907,3152489,55195486.0,4915091.0,797265.0,37017.0,49.0
2022-01-17,3242374,52929,3189445,55583592.0,5131203.0,785287.0,36978.0,22.0
2022-01-18,3270758,52962,3217796,56027759.0,5362518.0,763157.0,28384.0,33.0
2022-01-19,3293625,53044,3240581,56444406.0,5613125.0,744145.0,22867.0,82.0
2022-01-20,3324478,53153,3271325,56835020.0,5871170.0,710839.0,30853.0,109.0
2022-01-21,3357083,53309,3303774,,,684412.0,32605.0,156.0
2022-01-22,3387524,53406,3334118,,,657986.0,30441.0,97.0
2022-01-23,3417216,53472,3363744,57268257.0,6298336.0,631560.0,29692.0,66.0
2022-01-24,3442056,53519,3388537,,,598838.0,24840.0,47.0
2022-01-25,3459646,53598,3406048,57844436.0,6683975.0,552124.0,17590.0,79.0
2022-01-26,3475293,53664,3421629,58149158.0,6851138.0,513673.0,15647.0,66.0
2022-01-27,3493447,53736,3439711,,,449728.0,18154.0,72.0
2022-01-28,3511491,53801,3457690,,,452829.0,18044.0,65.0
2022-01-29,3528796,53871,3474925,,,455930.0,17305.0,70.0
2022-01-30,3545680,53891,3491789,,,459031.0,16884.0,20.0
2022-01-31,3560202,54003,3506199,59026174.0,7502081.0,430486.0,14522.0,112.0
2022-02-01,3569665,54054,3515611,59120367.0,7576859.0,379032.0,9463.0,51.0
2022-02-02,3577298,54097,3523201,59389080.0,7704701.0,361139.0,7633.0,43.0
2022-02-03,3585461,54168,3531293,,,369769.0,8163.0,71.0
2022-02-04,3594002,54214,3539788,59811526.0,8011994.0,378400.0,8541.0,46.0
2022-02-05,3601471,54214,3547257,,,355789.0,7469.0,0.0
2022-02-06,3609568,54526,3555042,,,333177.0,8097.0,312.0
2022-02-07,3616387,54538,3561849,60145895.0,8240672.0,310566.0,6819.0,12.0
2022-02-08,3619633,54621,3565012,,,339198.0,3246.0,83.0
2022-02-09,3623176,54690,3568486,,,333347.0,3543.0,69.0
2022-02-10,3627575,54783,3572792,,,330437.0,4399.0,93.0
2022-02-11,3630637,54854,3575783,,,327528.0,3062.0,71.0
2022-02-12,3634368,54930,3579438,,,355860.0,3731.0,76.0
2022-02-13,3637280,54930,3582350,,,384193.0,2912.0,0.0
2022-02-14,3639942,55094,3584848,61626201.0,9161128.0,412525.0,2662.0,164.0
2022-02-15,3641940,55146,3586794,,,411735.0,1998.0,52.0
2022-02-16,3644597,55223,3589374,,,410944.0,2657.0,77.0
2022-02-17,3646793,55330,3591463,62199764.0,9489120.0,410154.0,2196.0,107.0
2022-02-18,3648925,55409,3593516,,,390432.0,2132.0,79.0
2022-02-19,3650748,55607,3595141,,,370711.0,1823.0,198.0
2022-02-20,3652203,55684,3596519,,,350989.0,1455.0,77.0
2022-02-21,3653526,55763,3597763,62652101.0,9781090.0,331268.0,1323.0,79.0
2022-02-22,3654284,55776,3598508,,,294696.0,758.0,13.0
2022-02-23,3655709,55977,3599732,,,258124.0,1425.0,201.0
2022-02-24,3657342,56165,3601177,,,221553.0,1633.0,188.0
2022-02-25,3658892,56224,3602668,,,203912.0,1550.0,59.0
2022-02-26,3660020,56351,3603669,,,186272.0,1128.0,127.0
2022-02-27,3661049,56401,3604648,,,168631.0,1029.0,50.0
2022-02-28,3661997,56451,3605546,,,150990.0,948.0,50.0
2022-03-01,3663059,56451,3606608,,,150990.0,1062.0,0.0
2022-03-02,3663920,56504,3607416,,,150990.0,861.0,53.0
2022-03-03,3664905,56538,3608367,,,150990.0,985.0,34.0
2022-03-04,3665747,56770,3608977,,,150990.0,842.0,232.0
2022-03-05,3666678,56879,3609799,,,150990.0,931.0,109.0
2022-03-06,3667542,57023,3610519,,,150990.0,864.0,144.0
2022-03-07,3668268,57066,3611202,,,150990.0,726.0,43.0
2022-03-08,3668710,57072,3611638,,,150990.0,442.0,6.0
2022-03-09,3669283,57182,3612101,,,150990.0,573.0,110.0
2022-03-10,3668940,57258,3611682,,,150990.0,-343.0,76.0
2022-03-11,3669523,57317,3612206,,,150990.0,583.0,59.0
2022-03-12,3670177,57441,3612736,,,150990.0,654.0,124.0
2022-03-13,3670739,57610,3613129,63992620.0,10675663.0,150990.0,562.0,169.0
2022-03-14,3671293,57625,3613668,,,179736.0,554.0,15.0
2022-03-15,3671293,57625,3613668,64660228.0,11224502.0,208482.0,0.0,0.0
2022-03-16,3672069,57735,3614334,,,237228.0,776.0,110.0
2022-03-17,3672661,57880,3614781,,,265973.0,592.0,145.0
2022-03-18,3673201,57999,3615202,,,294719.0,540.0,119.0
2022-03-19,3673717,58023,3615694,,,323465.0,516.0,24.0
2022-03-20,3674286,58263,3616023,,,352211.0,569.0,240.0
2022-03-21,3674694,58276,3616418,65248130.0,11743345.0,352211.0,408.0,13.0
2022-03-22,3674983,58281,3616702,,,352211.0,289.0,5.0
2022-03-23,3675384,58563,3616821,,,352211.0,401.0,282.0
2022-03-24,3675821,58771,3617050,65528820.0,11743345.0,352211.0,437.0,208.0
2022-03-25,3676230,58831,3617399,,,325409.0,409.0,60.0
2022-03-26,3676665,58884,3617781,,,298608.0,435.0,53.0
2022-03-27,3676991,59015,3617976,,,271807.0,326.0,131.0
2022-03-28,3677376,59030,3618346,,,245006.0,385.0,15.0
2022-03-29,3677616,59038,3618578,65804988.0,11954585.0,218204.0,240.0,8.0
2022-03-30,3677924,59125,3618799,,,191403.0,308.0,87.0
2022-03-31,3678245,59249,3618996,65992980.0,12075001.0,164602.0,321.0,124.0
2022-04-01,3678598,59298,3619300,,,164602.0,353.0,49.0
2022-04-02,3678968,59324,3619644,,,164602.0,370.0,26.0
2022-04-03,3679629,59343,3620286,,,164602.0,661.0,19.0
2022-04-04,3679761,59365,3620396,66230305.0,12208931.0,164602.0,132.0,22.0
2022-04-05,3679983,59370,3620613,66341257.0,12264402.0,178644.0,222.0,5.0
2022-04-06,3680244,59422,3620822,,,187388.0,261.0,52.0
2022-04-07,3680514,59591,3620923,66522662.0,12382712.0,196131.0,270.0,169.0
2022-04-08,3680802,59660,3621142,,,184071.0,288.0,69.0
2022-04-09,3681101,59730,3621371,,,172011.0,299.0,70.0
2022-04-10,3681374,59769,3621605,,,159952.0,273.0,39.0
2022-04-11,3681646,59777,3621869,66652616.0,12477480.0,147892.0,272.0,8.0
2022-04-12,3681851,59778,3622073,,,124806.0,205.0,1.0
2022-04-13,3682083,59891,3622192,,,107019.0,232.0,113.0
2022-04-14,3682356,59932,3622424,,,89232.0,273.0,41.0
2022-04-15,3682623,59956,3622667,,,92248.0,267.0,24.0
2022-04-16,3682847,59964,3622883,,,95265.0,224.0,8.0
2022-04-17,3683042,59969,3623073,,,98282.0,195.0,5.0
2022-04-18,3683211,59976,3623235,66979873.0,12687684.0,101298.0,169.0,7.0
2022-04-19,3683367,59982,3623385,67100671.0,12736958.0,119369.0,156.0,6.0
2022-04-20,3683732,59990,3623742,,,129757.0,365.0,8.0
2022-04-21,3683865,60056,3623809,,,140146.0,133.0,66.0
2022-04-22,3684094,60118,3623976,,,150534.0,229.0,62.0
2022-04-23,3684300,60179,3624121,,,160923.0,206.0,61.0
2022-04-24,3684500,60182,3624318,,,171311.0,200.0,3.0
2022-04-25,3684712,60194,3624518,,,181700.0,212.0,12.0
2022-04-26,3684835,60195,3624640,67640431.0,13043715.0,174018.0,123.0,1.0
2022-04-27,3685029,60215,3624814,,,175291.0,194.0,20.0
2022-04-28,3685222,60267,3624955,67792216.0,13149301.0,176564.0,193.0,52.0
2022-04-29,3685403,60305,3625098,,,161581.0,181.0,38.0
2022-04-30,3685643,60341,3625302,,,146597.0,240.0,36.0
2022-05-01,3685895,60397,3625498,,,131614.0,252.0,56.0
2022-05-02,3686082,60410,3625672,67911464.0,13231643.0,116630.0,187.0,13.0
2022-05-03,3686216,60412,3625804,,,109751.0,134.0,2.0
2022-05-04,3686375,60439,3625936,,,101597.0,159.0,27.0
2022-05-05,3686543,60439,3626104,,,93444.0,168.0,0.0
2022-05-06,3686693,60439,3626254,,,101548.0,150.0,0.0
2022-05-07,3686868,60439,3626429,,,109651.0,175.0,0.0
2022-05-08,3687018,60439,3626579,,,117755.0,150.0,0.0
2022-05-09,3687197,60439,3626758,,,125859.0,179.0,0.0
2022-05-10,3687320,60439,3626881,,,125859.0,123.0,0.0
2022-05-11,3687428,60439,3626989,68526134.0,13519545.0,125859.0,108.0,0.0
2022-05-12,3687567,60452,3627115,,,123033.0,139.0,13.0
2022-05-13,3687748,60455,3627293,,,120208.0,181.0,3.0
2022-05-14,3687922,60455,3627467,,,117383.0,174.0,0.0
2022-05-15,3688132,60455,3627677,,,114558.0,210.0,0.0
2022-05-16,3688292,60458,3627834,,,111733.0,160.0,3.0
2022-05-17,3688001,60452,3627549,,,108908.0,-291.0,-6.0
2022-05-18,3688100,60452,3627648,68838393.0,13732500.0,106082.0,99.0,0.0
2022-05-19,3688295,60452,3627843,,,104106.0,195.0,0.0
2022-05-20,3688508,60455,3628053,68912256.0,13770466.0,102129.0,213.0,3.0
2022-05-21,3688751,60455,3628296,,,115145.0,243.0,0.0
2022-05-22,3688941,60455,3628486,,,128162.0,190.0,0.0
2022-05-23,3689132,60455,3628677,69084132.0,13899727.0,141179.0,191.0,0.0
2022-05-24,3689281,60455,3628826,,,142228.0,149.0,0.0
2022-05-25,3689457,60455,3629002,,,143278.0,176.0,0.0
2022-05-26,3689656,60455,3629201,,,146305.0,199.0,0.0
2022-05-27,3689865,60455,3629410,,14027031.0,149332.0,209.0,0.0
2022-05-28,3690055,60455,3629600,,,137365.0,190.0,0.0
2022-05-29,3690254,60455,3629799,,14121021.0,125398.0,199.0,0.0
2022-05-30,3690451,60455,3629996,,,113431.0,197.0,0.0
2022-05-31,3690581,60455,3630126,,,113431.0,130.0,0.0
2022-06-01,3690707,60455,3630252,,14230872.0,113431.0,126.0,0.0
2022-06-02,3690889,60455,3630434,,,113431.0,182.0,0.0
2022-06-03,3691114,60456,3630658,,,113431.0,225.0,1.0
2022-06-04,3691327,60456,3630871,,,113431.0,213.0,0.0
2022-06-05,3691546,60456,3631090,70009042.0,14251950.0,113431.0,219.0,0.0
2022-06-06,3691724,60456,3631268,,,116079.0,178.0,0.0
2022-06-07,3691892,60456,3631436,,,118726.0,168.0,0.0
2022-06-08,3692084,60456,3631628,,,121373.0,192.0,0.0
2022-06-09,3692336,60456,3631880,,,124021.0,252.0,0.0
2022-06-10,3692617,60461,3632156,,,126668.0,281.0,5.0
2022-06-11,3692914,60461,3632453,,,129315.0,297.0,0.0
2022-06-12,3693222,60461,3632761,70251531.0,14469760.0,131963.0,308.0,0.0
2022-06-13,3693608,60461,3633147,,,146925.0,386.0,0.0
2022-06-14,3693865,60461,3633404,,,161887.0,257.0,0.0
2022-06-15,3694121,60461,3633660,,,176850.0,256.0,0.0
2022-06-16,3694529,60461,3634068,70532636.0,14686903.0,191812.0,408.0,0.0
2022-06-17,3695068,60467,3634601,,,193099.0,539.0,6.0
2022-06-18,3695652,60467,3635185,,,194387.0,584.0,0.0
2022-06-19,3696264,60467,3635797,,,195674.0,612.0,0.0
2022-06-20,3696793,60467,3636326,,,181999.0,529.0,0.0
2022-06-21,3697200,60476,3636724,,,168325.0,407.0,9.0
2022-06-22,3697793,60484,3637309,,,154650.0,593.0,8.0
2022-06-23,3698509,60495,3638014,70845546.0,14880868.0,140975.0,716.0,11.0
2022-06-24,3699251,60507,3638744,,,139836.0,742.0,12.0
2022-06-25,3700028,60507,3639521,,,138698.0,777.0,0.0
2022-06-26,3700876,60518,3640358,,,137560.0,848.0,11.0
2022-06-27,3701743,60518,3641225,,,136422.0,867.0,0.0
2022-06-28,3702319,60531,3641788,,,135283.0,576.0,13.0
2022-06-29,3703100,60542,3642558,,,134145.0,781.0,11.0
2022-06-30,3704407,60555,3643852,,,133007.0,1307.0,13.0
2022-07-01,3705649,60565,3645084,,,133007.0,1242.0,10.0
2022-07-02,3706951,60578,3646373,,,133007.0,1302.0,13.0
2022-07-03,3708271,60592,3647679,,,133007.0,1320.0,14.0
2022-07-04,3709386,60602,3648784,,,133007.0,1115.0,10.0
2022-07-05,3710145,60610,3649535,,,133007.0,759.0,8.0
2022-07-06,3711268,60622,3650646,,,133007.0,1123.0,12.0
2022-07-07,3713131,60625,3652506,71560263.0,15279752.0,133007.0,1863.0,3.0
2022-07-08,3714770,60639,3654131,,,131002.0,1639.0,14.0
2022-07-09,3716522,60639,3655883,,,128998.0,1752.0,0.0
2022-07-10,3718467,60640,3657827,,,126993.0,1945.0,1.0
2022-07-11,3720054,60640,3659414,,,124988.0,1587.0,0.0
2022-07-12,3721413,60640,3660773,,,122984.0,1359.0,0.0
2022-07-13,3723014,60640,3662374,,,120979.0,1601.0,0.0
2022-07-14,3725382,60641,3664741,71835024.0,15523764.0,118975.0,2368.0,1.0
2022-07-15,3727970,60641,3667329,,,119241.0,2588.0,0.0
2022-07-16,3730545,60641,3669904,,,119507.0,2575.0,0.0
2022-07-17,3733101,60641,3672460,,,119773.0,2556.0,0.0
2022-07-18,3735383,60641,3674742,,,120040.0,2282.0,0.0
2022-07-19,3737222,60641,3676581,,,120306.0,1839.0,0.0
2022-07-20,3739160,60641,3678519,,,120572.0,1938.0,0.0
2022-07-21,3741987,60641,3681346,,15844691.0,120838.0,2827.0,0.0
2022-07-22,3745375,60656,3684719,,,119941.0,3388.0,15.0
2022-07-23,3748979,60670,3688309,,,119043.0,3604.0,14.0
2022-07-24,3752534,60683,3691851,,,118145.0,3555.0,13.0
2022-07-25,3755403,60694,3694709,,,117248.0,2869.0,11.0
2022-07-26,3757762,60694,3697068,,,116350.0,2359.0,0.0
2022-07-27,3760488,60694,3699794,,,115452.0,2726.0,0.0
2022-07-28,3764346,60704,3703642,,16140825.0,114554.0,3858.0,10.0
2022-07-29,3768474,60718,3707756,,,116573.0,4128.0,14.0
2022-07-30,3772468,60719,3711749,,,118591.0,3994.0,1.0
2022-07-31,3776627,60727,3715900,,,120609.0,4159.0,8.0
2022-08-01,3780178,60737,3719441,,,122628.0,3551.0,10.0
2022-08-02,3782822,60749,3722073,,,124646.0,2644.0,12.0
2022-08-03,3785869,60762,3725107,,,126664.0,3047.0,13.0
2022-08-04,3790309,60773,3729536,71840130.0,16487534.0,128683.0,4440.0,11.0
2022-08-05,3795008,60774,3734234,,,131503.0,4699.0,1.0
2022-08-06,3799334,60789,3738545,,,134323.0,4326.0,15.0
2022-08-07,3803955,60807,3743148,,,137144.0,4621.0,18.0
2022-08-08,3808156,60837,3747319,,,139964.0,4201.0,30.0
2022-08-09,3810772,60864,3749908,,,142785.0,2616.0,27.0
2022-08-10,3813952,60889,3753063,,,145605.0,3180.0,25.0
2022-08-11,3818480,60916,3757564,,,148426.0,4528.0,27.0
2022-08-12,3823084,60944,3762140,,,148426.0,4604.0,28.0
2022-08-13,3827758,60992,3766766,,,148426.0,4674.0,48.0
2022-08-14,3831941,61036,3770905,,,148426.0,4183.0,44.0
2022-08-15,3835422,61078,3774344,,,148426.0,3481.0,42.0
2022-08-16,3838062,61127,3776935,,,148426.0,2640.0,49.0
2022-08-17,3840943,61173,3779770,,,148426.0,2881.0,46.0
2022-08-18,3844708,61221,3783487,72254350.0,17313409.0,148426.0,3765.0,48.0
2022-08-19,3848449,61261,3787188,,,143175.0,3741.0,40.0
2022-08-20,3852170,61308,3790862,,,137924.0,3721.0,47.0
2022-08-21,3855804,61357,3794447,,,132673.0,3634.0,49.0
2022-08-22,3858838,61386,3797452,,,127422.0,3034.0,29.0
2022-08-23,3860537,61426,3799111,,,122170.0,1699.0,40.0
2022-08-24,3864034,61476,3802558,,,116919.0,3497.0,50.0
2022-08-25,3867071,61519,3805552,,,111668.0,3037.0,43.0
2022-08-26,3869976,61559,3808417,72416833.0,17726336.0,111668.0,2905.0,40.0
2022-08-27,3872405,61613,3810792,,,114207.0,2429.0,54.0
2022-08-28,3874641,61667,3812974,,,116746.0,2236.0,54.0
2022-08-29,3877110,61720,3815390,,,119284.0,2469.0,53.0
2022-08-30,3878734,61773,3816961,,,121823.0,1624.0,53.0
2022-08-31,3880229,61814,3818415,,,124362.0,1495.0,41.0
2022-09-01,3883957,61864,3822093,72568579.0,18095217.0,126900.0,3728.0,50.0
2022-09-02,3886395,61910,3824485,,,129111.0,2438.0,46.0
2022-09-03,3889160,61962,3827198,,,128783.0,2765.0,52.0
2022-09-04,3891418,62011,3829407,,,128455.0,2258.0,49.0
2022-09-05,3893573,62062,3831511,,,128127.0,2155.0,51.0
2022-09-06,3894840,62118,3832722,,,127799.0,1267.0,56.0
2022-09-07,3896541,62167,3834374,,,127471.0,1701.0,49.0
2022-09-08,3898882,62206,3836676,72747959.0,18508543.0,127143.0,2341.0,39.0
2022-09-09,3901033,62249,3838784,,,120614.0,2151.0,43.0
2022-09-10,3904133,62288,3841845,,,114085.0,3100.0,39.0
2022-09-11,3906269,62304,3843965,,,107557.0,2136.0,16.0
2022-09-12,3908295,62342,3845953,,,101028.0,2026.0,38.0
2022-09-13,3909772,62382,3847390,,,94499.0,1477.0,40.0
2022-09-14,3911487,62416,3849071,,,87970.0,1715.0,34.0
2022-09-15,3913536,62447,3851089,72853661.0,18779611.0,81441.0,2049.0,31.0
2022-09-16,3916162,62479,3853683,,,83636.0,2626.0,32.0
2022-09-17,3918329,62514,3855815,,,85831.0,2167.0,35.0
2022-09-18,3920693,62549,3858144,,,88026.0,2364.0,35.0
2022-09-19,3923727,62587,3861140,,,90221.0,3034.0,38.0
2022-09-20,3925326,62620,3862706,,,92416.0,1599.0,33.0
2022-09-21,3927120,62657,3864463,,,94611.0,1794.0,37.0
2022-09-22,3929819,62695,3867124,72976259.0,19110988.0,96806.0,2699.0,38.0
2022-09-23,3932155,62730,3869425,,,101385.0,2336.0,35.0
2022-09-24,3934778,62759,3872019,,,105965.0,2623.0,29.0
2022-09-25,3938203,62790,3875413,,,110544.0,3425.0,31.0
2022-09-26,3940201,62819,3877382,,,115123.0,1998.0,29.0
2022-09-27,3941656,62849,3878807,,,119703.0,1455.0,30.0
2022-09-28,3943153,62882,3880271,,,124282.0,1497.0,33.0
2022-09-29,3945566,62916,3882650,73122738.0,19588463.0,128861.0,2413.0,34.0
2022-09-30,3948040,62947,3885093,,,127738.0,2474.0,31.0
2022-10-01,3951766,62981,3888785,,,126614.0,3726.0,34.0
2022-10-02,3953886,63013,3890873,,,125491.0,2120.0,32.0
2022-10-03,3955758,63042,3892716,,,124367.0,1872.0,29.0
2022-10-04,3957112,63078,3894034,,,123243.0,1354.0,36.0
2022-10-05,3958786,63111,3895675,,,122120.0,1674.0,33.0
2022-10-06,3961349,63149,3898200,73261465.0,20016781.0,120996.0,2563.0,38.0
2022-10-07,3963666,63191,3900475,,,114351.0,2317.0,42.0
2022-10-08,3965865,63230,3902635,,,107705.0,2199.0,39.0
2022-10-09,3967861,63264,3904597,,,101060.0,1996.0,34.0
2022-10-10,3969987,63297,3906690,,,94415.0,2126.0,33.0
2022-10-11,3971455,63329,3908126,,,87769.0,1468.0,32.0
2022-10-12,3973091,63363,3909728,,,81124.0,1636.0,34.0
2022-10-13,3975884,63403,3912481,73362164.0,20261137.0,74479.0,2793.0,40.0
2022-10-14,3978354,63439,3914915,,,71736.0,2470.0,36.0
2022-10-15,3980629,63477,3917152,,,68994.0,2275.0,38.0
2022-10-16,3982965,63510,3919455,,,66252.0,2336.0,33.0
2022-10-17,3984815,63547,3921268,,,63510.0,1850.0,37.0
2022-10-18,3986028,63581,3922447,,,60767.0,1213.0,34.0
2022-10-19,3987316,63625,3923691,,,58025.0,1288.0,44.0
2022-10-20,3989556,63669,3925887,73449131.0,20425579.0,55283.0,2240.0,44.0
2022-10-21,3991441,63706,3927735,,,54021.0,1885.0,37.0
2022-10-22,3993148,63742,3929406,,,52760.0,1707.0,36.0
2022-10-23,3994634,63779,3930855,,,51498.0,1486.0,37.0
2022-10-24,3995967,63814,3932153,,,50236.0,1333.0,35.0
2022-10-25,3996818,63846,3932972,,,48975.0,851.0,32.0
2022-10-26,3997941,63883,3934058,,,47713.0,1123.0,37.0
2022-10-27,3999226,63921,3935305,73524190.0,20561136.0,46451.0,1285.0,38.0
2022-10-28,4000783,63959,3936824,,,43813.0,1557.0,38.0
2022-10-29,4002080,63995,3938085,,,41174.0,1297.0,36.0
2022-10-30,4003459,64033,3939426,,,38535.0,1379.0,38.0
2022-10-31,4004465,64074,3940391,,,35896.0,1006.0,41.0
2022-11-01,4005157,64109,3941048,,,33257.0,692.0,35.0
2022-11-02,4005840,64145,3941695,,,30618.0,683.0,36.0
2022-11-03,4006635,64179,3942456,,,27979.0,795.0,34.0
2022-11-04,4007318,64211,3943107,,,27979.0,683.0,32.0
2022-11-05,4008550,64240,3944310,,,27979.0,1232.0,29.0
2022-11-06,4009466,64274,3945192,,,27979.0,916.0,34.0
2022-11-07,4011026,64291,3946735,,,27979.0,1560.0,17.0
2022-11-08,4011625,64298,3947327,,,27979.0,599.0,7.0
2022-11-09,4012868,64322,3948546,,,27979.0,1243.0,24.0
2022-11-10,4014039,64329,3949710,73615441.0,20724926.0,27979.0,1171.0,7.0
2022-11-11,4015266,64355,3950911,,,29700.0,1227.0,26.0
2022-11-12,4016401,64382,3952019,,,31420.0,1135.0,27.0
2022-11-13,4018253,64387,3953866,,,33141.0,1852.0,5.0
2022-11-14,4019163,64405,3954758,,,34861.0,910.0,18.0
2022-11-15,4020240,64420,3955820,,,36582.0,1077.0,15.0
2022-11-16,4020965,64432,3956533,,,38302.0,725.0,12.0
2022-11-17,4022127,64441,3957686,73686596.0,20838363.0,40023.0,1162.0,9.0
2022-11-18,4023798,64458,3959340,,,39550.0,1671.0,17.0
2022-11-19,4024956,64468,3960488,,,39077.0,1158.0,10.0
2022-11-20,4025917,64476,3961441,,,38604.0,961.0,8.0
2022-11-21,4026895,64485,3962410,,,38131.0,978.0,9.0
2022-11-22,4027469,64500,3962969,,,37659.0,574.0,15.0
2022-11-23,4028187,64504,3963683,,,37186.0,718.0,4.0
2022-11-24,4029201,64524,3964677,73738568.0,20946059.0,36713.0,1014.0,20.0
2022-11-25,4030572,64548,3966024,,,35453.0,1371.0,24.0
2022-11-26,4032326,64571,3967755,,,34194.0,1754.0,23.0
2022-11-27,4033682,64594,3969088,,,32934.0,1356.0,23.0
2022-11-28,4034658,64608,3970050,,,31675.0,976.0,14.0
2022-11-29,4035487,64620,3970867,,,30416.0,829.0,12.0
2022-11-30,4036277,64641,3971636,,,29156.0,790.0,21.0
2022-12-01,4037547,64658,3972889,73762731.0,21072029.0,27897.0,1270.0,17.0
2022-12-02,4038716,64682,3974034,,,28868.0,1169.0,24.0
2022-12-03,4039978,64701,3975277,,,29839.0,1262.0,19.0
2022-12-04,4041023,64725,3976298,,,30810.0,1045.0,24.0
2022-12-05,4042182,64750,3977432,,,31782.0,1159.0,25.0
2022-12-06,4042936,64770,3978166,,,32753.0,754.0,20.0
2022-12-07,4044000,64794,3979206,,,33724.0,1064.0,24.0
2022-12-08,4045358,64820,3980538,,,34695.0,1358.0,26.0
2022-12-09,4046849,64845,3982004,,,34695.0,1491.0,25.0
2022-12-10,4047878,64856,3983022,,,34695.0,1029.0,11.0
2022-12-11,4049042,64880,3984162,,,34695.0,1164.0,24.0
2022-12-12,4050045,64902,3985143,,,34695.0,1003.0,22.0
2022-12-13,4050866,64921,3985945,,,34695.0,821.0,19.0
2022-12-14,4051754,64944,3986810,,,34695.0,888.0,23.0
2022-12-15,4052967,64968,3987999,73875746.0,21232041.0,34695.0,1213.0,24.0
2022-12-16,4054159,64995,3989164,,,31839.0,1192.0,27.0
2022-12-17,4055396,65034,3990362,,,28982.0,1237.0,39.0
2022-12-18,4056239,65064,3991175,,,26125.0,843.0,30.0
2022-12-19,4057129,65094,3992035,,,23268.0,890.0,30.0
2022-12-20,4057629,65127,3992502,,,20411.0,500.0,33.0
2022-12-21,4058465,65142,3993323,,,17554.0,836.0,15.0
2022-12-22,4059369,65172,3994197,,,14697.0,904.0,30.0
2022-12-23,4060236,65193,3995043,,,14697.0,867.0,21.0
2022-12-24,4060960,65215,3995745,,,14697.0,724.0,22.0
2022-12-25,4061663,65236,3996427,,,14697.0,703.0,21.0
2022-12-26,4062191,65262,3996929,,,14697.0,528.0,26.0
2022-12-27,4062511,65283,3997228,,,14697.0,320.0,21.0
2022-12-28,4062659,65309,3997350,,,14697.0,148.0,26.0
2022-12-29,4063316,65332,3997984,73920177.0,21318580.0,14697.0,657.0,23.0
2022-12-30,4063816,65359,3998457,,,13793.0,500.0,27.0
2022-12-31,4064443,65385,3999058,,,12889.0,627.0,26.0
2023-01-01,4064779,65397,3999382,,,11984.0,336.0,12.0
2023-01-02,4065173,65415,3999758,,,11080.0,394.0,18.0
2023-01-03,4065173,65435,3999738,,,10175.0,0.0,20.0
2023-01-04,4065569,65445,4000124,,,9271.0,396.0,10.0
2023-01-05,4065910,65451,4000459,73937435.0,21341197.0,8366.0,341.0,6.0
2023-01-06,4066527,65454,4001073,,,8763.0,617.0,3.0
2023-01-07,4067170,65464,4001706,,,9160.0,643.0,10.0
2023-01-08,4067678,65476,4002202,,,9557.0,508.0,12.0
2023-01-09,4068054,65486,4002568,,,9954.0,376.0,10.0
2023-01-10,4068425,65498,4002927,,,10351.0,371.0,12.0
2023-01-11,4068802,65509,4003293,,,10748.0,377.0,11.0
2023-01-12,4069147,65526,4003621,73946192.0,21377463.0,11145.0,345.0,17.0
2023-01-13,4069734,65553,4004181,,,11550.0,587.0,27.0
2023-01-14,4070136,65575,4004561,,,11955.0,402.0,22.0
2023-01-15,4070287,65590,4004697,,,12360.0,151.0,15.0
2023-01-16,4070591,65614,4004977,,,12766.0,304.0,24.0
2023-01-17,4070675,65618,4005057,,,13171.0,84.0,4.0
2023-01-18,4071013,65637,4005376,,,13576.0,338.0,19.0
2023-01-19,4071151,65654,4005497,73960026.0,21425727.0,13981.0,138.0,17.0
2023-01-20,4071445,65674,4005771,,,14335.0,294.0,20.0
2023-01-21,4071540,65680,4005860,,,14688.0,95.0,6.0
2023-01-22,4071963,65694,4006269,,,15042.0,423.0,14.0
2023-01-23,4072035,65716,4006319,,,15396.0,72.0,22.0
2023-01-24,4072188,65726,4006462,,,15750.0,153.0,10.0
2023-01-25,4072261,65730,4006531,,,16103.0,73.0,4.0
2023-01-26,4072488,65735,4006753,,,16457.0,227.0,5.0
2023-01-27,4072592,65753,4006839,,,16457.0,104.0,18.0
2023-01-28,4072844,65757,4007087,,,16457.0,252.0,4.0
2023-01-29,4072911,65767,4007144,,,16457.0,67.0,10.0
2023-01-30,4073216,65775,4007441,,,16457.0,305.0,8.0
2023-01-31,4073203,65779,4007424,,,16457.0,-13.0,4.0
2023-02-01,4073454,65802,4007652,,,16457.0,251.0,23.0
2023-02-02,4073504,65810,4007694,73993688.0,21535537.0,16457.0,50.0,8.0
2023-02-03,4073706,65824,4007882,,,16594.0,202.0,14.0
2023-02-04,4073739,65839,4007900,,,16730.0,33.0,15.0
2023-02-05,4073826,65851,4007975,,,16867.0,87.0,12.0
2023-02-06,4073851,65865,4007986,,,17004.0,25.0,14.0
2023-02-07,4073980,65875,4008105,,,17140.0,129.0,10.0
2023-02-08,4074095,65886,4008209,,,17277.0,115.0,11.0
2023-02-09,4074299,65904,4008395,74009826.0,21589980.0,17414.0,204.0,18.0
2023-02-10,4074339,65924,4008415,,,16778.0,40.0,20.0
2023-02-11,4074563,65938,4008625,,,16143.0,224.0,14.0
2023-02-12,4074691,65949,4008742,,,15507.0,128.0,11.0
2023-02-13,4074838,65958,4008880,,,14872.0,147.0,9.0
2023-02-14,4074821,65968,4008853,,,14236.0,-17.0,10.0
2023-02-15,4075049,65985,4009064,,,13601.0,228.0,17.0
2023-02-16,4075073,65999,4009074,74019226.0,21642800.0,12965.0,24.0,14.0
2023-02-17,4075259,66006,4009253,,,12912.0,186.0,7.0
2023-02-18,4075324,66008,4009316,,,12859.0,65.0,2.0
2023-02-19,4075524,66021,4009503,,,12806.0,200.0,13.0
2023-02-20,4075545,66030,4009515,,,12752.0,21.0,9.0
2023-02-21,4075611,66039,4009572,,,12699.0,66.0,9.0
2023-02-22,4075757,66051,4009706,,,12646.0,146.0,12.0
2023-02-23,4075812,66063,4009749,74031671.0,21681668.0,12593.0,55.0,12.0
2023-02-24,4076014,66076,4009938,,,12686.0,202.0,13.0
2023-02-25,4076064,66083,4009981,,,12780.0,50.0,7.0
2023-02-26,4076237,66097,4010140,,,12874.0,173.0,14.0
2023-02-27,4076237,66108,4010129,,,12968.0,0.0,11.0
2023-02-28,4076307,66111,4010196,,,13061.0,70.0,3.0
2023-03-01,4076418,66118,4010300,,,13155.0,111.0,7.0
2023-03-02,4076570,66126,4010444,74044290.0,21726081.0,13249.0,152.0,8.0
2023-03-03,4076704,66133,4010571,,,12414.0,134.0,7.0
2023-03-04,4076866,66143,4010723,,,11579.0,162.0,10.0
2023-03-05,4077002,66153,4010849,,,10744.0,136.0,10.0
2023-03-06,4077109,66160,4010949,,,9909.0,107.0,7.0
2023-03-07,4077183,66167,4011016,,,9074.0,74.0,7.0
2023-03-08,4077302,66176,4011126,,,8239.0,119.0,9.0
2023-03-09,4077452,66188,4011264,74049515.0,21756899.0,7404.0,150.0,12.0
